{
  "timestamp": "2025-08-06T08:31:20.093743",
  "baseline_coverage": 80.71646341463415,
  "pure_coverage": 80.71646341463415
}